{
    "Events": [
        {
            "Delta": 0,
            "EventType": "MouseDown",
            "Timestamp": 1156,
            "X": 28.639999389648438,
            "Y": 2.0799999237060547
        },
        {
            "Delta": 0,
            "EventType": "MouseUp",
            "Timestamp": 1231,
            "X": 28.639999389648438,
            "Y": 2.0799999237060547
        }
    ]
}
