{
    "Events": [
        {
            "Delta": 0,
            "EventType": "MouseDown",
            "Timestamp": 958,
            "X": 36.599998474121094,
            "Y": 1.940000057220459
        },
        {
            "Delta": 0,
            "EventType": "MouseUp",
            "Timestamp": 1061,
            "X": 36.599998474121094,
            "Y": 1.940000057220459
        }
    ]
}
