{
    "Events": [
        {
            "Delta": 0,
            "EventType": "MouseDown",
            "Timestamp": 752,
            "X": 49.06999969482422,
            "Y": 94.7699966430664
        },
        {
            "Delta": 0,
            "EventType": "MouseUp",
            "Timestamp": 818,
            "X": 49.06999969482422,
            "Y": 94.7699966430664
        }
    ]
}
