{
    "Events": [
        {
            "Delta": 0,
            "EventType": "MouseDown",
            "Timestamp": 1574,
            "X": 27.850000381469727,
            "Y": 1.6399999856948853
        },
        {
            "Delta": 0,
            "EventType": "MouseUp",
            "Timestamp": 1669,
            "X": 27.850000381469727,
            "Y": 1.6399999856948853
        }
    ]
}
