{
    "Events": [
        {
            "Delta": 0,
            "EventType": "MouseDown",
            "Timestamp": 676,
            "X": 16.959999084472656,
            "Y": 95.91000366210938
        },
        {
            "Delta": 0,
            "EventType": "MouseUp",
            "Timestamp": 740,
            "X": 16.959999084472656,
            "Y": 95.91000366210938
        },
        {
            "Delta": 0,
            "EventType": "MouseDown",
            "Timestamp": 1084,
            "X": 16.959999084472656,
            "Y": 95.91000366210938
        },
        {
            "Delta": 0,
            "EventType": "MouseUp",
            "Timestamp": 1160,
            "X": 16.959999084472656,
            "Y": 95.91000366210938
        }
    ]
}
