{
    "Events": [
        {
            "Delta": 0,
            "EventType": "MouseDown",
            "Timestamp": 1001,
            "X": 16.059999465942383,
            "Y": 95.4000015258789
        },
        {
            "Delta": 0,
            "EventType": "MouseUp",
            "Timestamp": 1072,
            "X": 16.059999465942383,
            "Y": 95.4000015258789
        },
        {
            "Delta": 0,
            "EventType": "MouseDown",
            "Timestamp": 2386,
            "X": 16.059999465942383,
            "Y": 95.4000015258789
        },
        {
            "Delta": 0,
            "EventType": "MouseUp",
            "Timestamp": 2452,
            "X": 16.059999465942383,
            "Y": 95.4000015258789
        }
    ]
}
