{
    "Events": [
        {
            "Delta": 0,
            "EventType": "MouseDown",
            "Timestamp": 1793,
            "X": 15.640000343322754,
            "Y": 96.26000213623047
        },
        {
            "Delta": 0,
            "EventType": "MouseUp",
            "Timestamp": 1841,
            "X": 15.640000343322754,
            "Y": 96.26000213623047
        }
    ]
}
