{
    "Events": [
        {
            "Delta": 0,
            "EventType": "MouseDown",
            "Timestamp": 1201,
            "X": 15.75,
            "Y": 95.22000122070312
        },
        {
            "Delta": 0,
            "EventType": "MouseUp",
            "Timestamp": 1275,
            "X": 15.75,
            "Y": 95.22000122070312
        }
    ]
}
