{
    "Events": [
        {
            "Delta": 0,
            "EventType": "MouseDown",
            "Timestamp": 996,
            "X": 69.83999633789062,
            "Y": 22.90999984741211
        },
        {
            "Delta": 0,
            "EventType": "MouseUp",
            "Timestamp": 1052,
            "X": 69.83999633789062,
            "Y": 22.90999984741211
        }
    ]
}
