{
    "Events": [
        {
            "Delta": 0,
            "EventType": "MouseDown",
            "Timestamp": 507,
            "X": 35.18000030517578,
            "Y": 46.56999969482422
        },
        {
            "Delta": 0,
            "EventType": "MouseUp",
            "Timestamp": 587,
            "X": 35.18000030517578,
            "Y": 46.56999969482422
        },
        {
            "Delta": 0,
            "EventType": "MouseDown",
            "Timestamp": 1054,
            "X": 35.18000030517578,
            "Y": 46.56999969482422
        },
        {
            "Delta": 0,
            "EventType": "MouseUp",
            "Timestamp": 1134,
            "X": 35.18000030517578,
            "Y": 46.56999969482422
        }
    ]
}
