{
    "Events": [
        {
            "Delta": 0,
            "EventType": "MouseDown",
            "Timestamp": 426,
            "X": 45.5,
            "Y": 42.40999984741211
        },
        {
            "Delta": 0,
            "EventType": "MouseUp",
            "Timestamp": 526,
            "X": 45.5,
            "Y": 42.40999984741211
        },
        {
            "Delta": 0,
            "EventType": "MouseDown",
            "Timestamp": 709,
            "X": 45.5,
            "Y": 42.40999984741211
        },
        {
            "Delta": 0,
            "EventType": "MouseUp",
            "Timestamp": 773,
            "X": 45.5,
            "Y": 42.40999984741211
        }
    ]
}
