{
    "Events": [
        {
            "Delta": 0,
            "EventType": "MouseDown",
            "Timestamp": 451,
            "X": 15.819999694824219,
            "Y": 47.650001525878906
        },
        {
            "Delta": 0,
            "EventType": "MouseUp",
            "Timestamp": 536,
            "X": 15.819999694824219,
            "Y": 47.650001525878906
        },
        {
            "Delta": 0,
            "EventType": "MouseDown",
            "Timestamp": 629,
            "X": 15.819999694824219,
            "Y": 47.650001525878906
        },
        {
            "Delta": 0,
            "EventType": "MouseUp",
            "Timestamp": 701,
            "X": 15.819999694824219,
            "Y": 47.650001525878906
        }
    ]
}
