{
    "Events": [
        {
            "Delta": 0,
            "EventType": "MouseDown",
            "Timestamp": 603,
            "X": 89.1500015258789,
            "Y": 81.38999938964844
        },
        {
            "Delta": 0,
            "EventType": "MouseUp",
            "Timestamp": 670,
            "X": 89.1500015258789,
            "Y": 81.38999938964844
        }
    ]
}
