{
    "Events": [
        {
            "Delta": 0,
            "EventType": "MouseDown",
            "Timestamp": 689,
            "X": 15.420000076293945,
            "Y": 96.26000213623047
        },
        {
            "Delta": 0,
            "EventType": "MouseUp",
            "Timestamp": 753,
            "X": 15.420000076293945,
            "Y": 96.26000213623047
        },
        {
            "Delta": 0,
            "EventType": "MouseDown",
            "Timestamp": 7598,
            "X": 15.420000076293945,
            "Y": 96.26000213623047
        },
        {
            "Delta": 0,
            "EventType": "MouseUp",
            "Timestamp": 7598,
            "X": 15.420000076293945,
            "Y": 96.26000213623047
        }
    ]
}
